City_ID,City,Country,Date,Lat,Lng,Max Temp,Humidity,Cloudiness,Wind Speed
0,Port Alfred,ZA,2022-03-11 23:37:32,-33.5906,26.891,73.11,89,70,13.62
1,Tura,IN,2022-03-11 23:37:33,25.5198,90.2201,66.96,29,53,2.08
2,Dikson,RU,2022-03-11 23:37:33,73.5069,80.5464,-1.46,89,100,23.73
3,Mataura,NZ,2022-03-11 23:37:33,-46.1927,168.8643,55.47,76,97,10.45
4,Codrington,AU,2022-03-11 23:37:34,-38.2667,141.9667,62.71,51,2,7.9
5,Georgetown,MY,2022-03-11 23:33:48,5.4112,100.3354,80.53,93,20,2.3
6,Clyde River,CA,2022-03-11 23:37:34,70.4692,-68.5914,-25.37,75,0,2.3
7,Busselton,AU,2022-03-11 23:37:35,-33.65,115.3333,72.91,77,12,13.4
8,Santiago De Cao,PE,2022-03-11 23:37:35,-7.9589,-79.2392,68.13,88,40,8.05
9,Tiksi,RU,2022-03-11 23:37:35,71.6872,128.8694,-11.61,90,100,8.14
10,Bluff,NZ,2022-03-11 23:37:35,-46.6,168.3333,55.8,78,89,20.22
11,Dasoguz,TM,2022-03-11 23:37:36,41.8363,59.9666,46.35,100,78,2.3
12,New Norfolk,AU,2022-03-11 23:37:36,-42.7826,147.0587,66.92,52,33,1.99
13,Hilo,US,2022-03-11 23:33:01,19.7297,-155.09,82.13,67,20,13.8
14,Kupang,ID,2022-03-11 23:37:36,-10.1667,123.5833,81.0,78,55,5.82
15,Chokurdakh,RU,2022-03-11 23:37:37,70.6333,147.9167,-9.8,95,100,8.63
16,Ushuaia,AR,2022-03-11 23:37:37,-54.8,-68.3,47.86,57,20,17.27
17,Rikitea,PF,2022-03-11 23:37:37,-23.1203,-134.9692,78.3,69,2,1.43
18,Mahebourg,MU,2022-03-11 23:37:38,-20.4081,57.7,77.29,94,75,5.75
19,Souillac,MU,2022-03-11 23:37:38,-20.5167,57.5167,77.38,94,75,5.75
20,Constitucion,CL,2022-03-11 23:35:56,-35.3333,-72.4167,57.87,79,2,2.28
21,Caravelas,BR,2022-03-11 23:37:38,-17.7125,-39.2481,76.5,87,68,4.65
22,Bubaque,GW,2022-03-11 23:37:38,11.2833,-15.8333,75.6,70,7,6.73
23,Saldanha,ZA,2022-03-11 23:37:39,-33.0117,17.9442,68.05,76,24,6.53
24,Valentin Gomez Farias,MX,2022-03-11 23:37:39,28.2167,-106.5833,60.55,13,26,18.1
25,San Patricio,US,2022-03-11 23:37:39,28.017,-97.5169,51.69,68,100,22.5
26,Vaini,TO,2022-03-11 23:37:40,-21.2,-175.2,84.36,84,75,8.05
27,Whitehorse,CA,2022-03-11 23:37:40,60.7161,-135.0538,29.1,82,100,11.5
28,Mercedes,AR,2022-03-11 23:37:40,-34.6515,-59.4307,63.86,57,0,6.22
29,Saskylakh,RU,2022-03-11 23:37:40,71.9167,114.0833,-19.7,97,100,3.22
30,Adrar,MR,2022-03-11 23:37:41,20.5022,-10.0711,66.36,10,0,11.3
31,Thinadhoo,MV,2022-03-11 23:37:41,0.5333,72.9333,82.0,70,7,3.74
32,Bambous Virieux,MU,2022-03-11 23:37:41,-20.3428,57.7575,77.25,94,75,5.75
33,Cidreira,BR,2022-03-11 23:37:42,-30.1811,-50.2056,69.67,74,100,13.71
34,Mount Isa,AU,2022-03-11 23:37:42,-20.7333,139.5,89.37,19,7,10.36
35,San Quintin,MX,2022-03-11 23:37:42,30.4833,-115.95,64.18,41,73,5.84
36,Riyadh,SA,2022-03-11 23:37:43,24.6877,46.7219,68.14,34,44,11.56
37,Barrow,US,2022-03-11 23:37:43,71.2906,-156.7887,1.42,85,100,8.05
38,Hastings,GB,2022-03-11 23:37:43,50.8552,0.5729,49.75,77,78,24.45
39,Vao,NC,2022-03-11 23:37:44,-22.6667,167.4833,79.41,72,62,10.13
40,Punta Arenas,CL,2022-03-11 23:36:40,-53.15,-70.9167,50.11,57,0,6.91
41,Ahipara,NZ,2022-03-11 23:37:44,-35.1667,173.1667,72.79,61,23,4.85
42,Kavieng,PG,2022-03-11 23:37:44,-2.5744,150.7967,84.49,67,100,6.85
43,Puurmani,EE,2022-03-11 23:37:44,58.5738,26.2878,32.22,94,100,4.81
44,Vila Velha,BR,2022-03-11 23:34:42,-20.3297,-40.2925,80.55,87,20,11.5
45,Yellowknife,CA,2022-03-11 23:35:01,62.456,-114.3525,2.41,78,100,9.22
46,Jamestown,US,2022-03-11 23:37:40,42.097,-79.2353,35.53,69,100,10.36
47,Las Cruces,US,2022-03-11 23:37:45,32.3123,-106.7783,55.51,43,0,8.05
48,Semey,KZ,2022-03-11 23:38:45,50.4111,80.2275,10.99,91,100,8.43
49,Arraial Do Cabo,BR,2022-03-11 23:38:45,-22.9661,-42.0278,78.22,82,0,25.66
50,Ponta Do Sol,PT,2022-03-11 23:38:46,32.6667,-17.1,62.06,72,84,2.21
51,Timmins,CA,2022-03-11 23:35:39,48.4669,-81.3331,19.22,49,20,10.36
52,Kapaa,US,2022-03-11 23:36:02,22.0752,-159.319,81.12,69,20,10.36
53,Yongan,CN,2022-03-11 23:38:46,39.6957,113.6871,42.48,93,100,2.19
54,Moose Factory,CA,2022-03-11 23:38:46,51.2585,-80.6094,23.0,42,100,11.5
55,Ambon,ID,2022-03-11 23:38:46,-3.6954,128.1814,78.94,89,20,2.3
56,Albany,US,2022-03-11 23:38:18,42.6001,-73.9662,48.61,67,100,4.83
57,Quatre Cocos,MU,2022-03-11 23:38:47,-20.2078,57.7625,77.11,85,50,11.52
58,Beringovskiy,RU,2022-03-11 23:38:47,63.05,179.3167,10.51,78,5,9.86
59,Caldwell,US,2022-03-11 23:34:13,43.6629,-116.6874,53.78,26,0,4.61
60,Avarua,CK,2022-03-11 23:38:47,-21.2078,-159.775,84.25,79,75,3.44
61,Lampang,TH,2022-03-11 23:38:47,18.3333,99.5,80.51,83,20,5.75
62,Callaguip,PH,2022-03-11 23:38:48,18.0714,120.4867,77.02,88,20,4.61
63,Totma,RU,2022-03-11 23:38:48,59.9747,42.7642,13.41,98,99,2.82
64,Boromo,BF,2022-03-11 23:38:48,11.75,-2.9333,85.89,15,96,5.19
65,Puerto Ayora,EC,2022-03-11 23:36:03,-0.7393,-90.3518,78.55,94,82,4.0
66,Cape Town,ZA,2022-03-11 23:38:48,-33.9258,18.4232,72.12,81,0,2.3
67,Kodiak,US,2022-03-11 23:38:49,57.79,-152.4072,42.31,81,100,9.22
68,Abu Kamal,SY,2022-03-11 23:38:49,34.4506,40.9171,47.82,54,54,6.46
69,Archidona,ES,2022-03-11 23:38:49,37.0965,-4.3887,49.66,95,88,2.08
70,Jalu,LY,2022-03-11 23:38:49,29.0331,21.5482,52.66,50,51,7.87
71,Rio Gallegos,AR,2022-03-11 23:34:06,-51.6226,-69.2181,51.85,54,0,9.22
72,Raudeberg,NO,2022-03-11 23:38:50,61.9875,5.1352,47.07,56,17,8.88
73,Itarema,BR,2022-03-11 23:38:50,-2.9248,-39.9167,75.79,89,100,6.15
74,Cherskiy,RU,2022-03-11 23:38:50,68.75,161.3,4.1,73,2,1.66
75,Viedma,AR,2022-03-11 23:38:50,-40.8135,-62.9967,61.61,59,0,11.97
76,Ilinskoye-Khovanskoye,RU,2022-03-11 23:38:51,56.9718,39.7684,18.79,97,100,3.71
77,Comodoro Rivadavia,AR,2022-03-11 23:38:51,-45.8667,-67.5,66.06,45,0,9.22
78,Jiwani,PK,2022-03-11 23:38:51,25.05,61.7417,75.34,73,57,2.57
79,Taoudenni,ML,2022-03-11 23:38:51,22.6783,-3.9836,69.6,14,0,11.48
80,Belmonte,BR,2022-03-11 23:38:52,-15.8631,-38.8828,78.01,81,19,5.64
81,Sayville,US,2022-03-11 23:38:52,40.7359,-73.0821,44.4,86,75,11.5
82,Morondava,MG,2022-03-11 23:38:52,-20.2833,44.2833,76.89,85,100,6.8
83,Gat,IL,2022-03-11 23:38:52,31.61,34.7642,48.88,100,100,11.54
84,Esperance,AU,2022-03-11 23:38:53,-33.8667,121.9,67.84,53,100,13.53
85,Mandapam,IN,2022-03-11 23:38:53,9.2833,79.1167,79.81,76,38,11.21
86,Port Elizabeth,ZA,2022-03-11 23:38:11,-33.918,25.5701,75.49,73,0,20.71
87,Ambulu,ID,2022-03-11 23:38:53,-8.345,113.6058,78.31,86,100,3.44
88,Hobart,AU,2022-03-11 23:38:53,-42.8794,147.3294,67.26,58,20,8.05
89,Norman Wells,CA,2022-03-11 23:38:54,65.282,-126.8329,-7.56,59,75,13.8
90,Atuona,PF,2022-03-11 23:38:54,-9.8,-139.0333,78.71,77,79,17.07
91,Umm Kaddadah,SD,2022-03-11 23:38:54,13.6017,26.6876,68.9,17,86,17.36
92,Gisborne,NZ,2022-03-11 23:38:54,-38.6533,178.0042,69.55,59,1,7.54
93,Oliveira,BR,2022-03-11 23:39:55,-20.6964,-44.8272,69.31,71,68,3.02
94,Port Macquarie,AU,2022-03-11 23:37:29,-31.4333,152.9167,74.89,65,55,4.79
95,Weinan,CN,2022-03-11 23:39:55,34.5036,109.5089,59.09,83,100,10.78
96,Novoagansk,RU,2022-03-11 23:39:55,61.9449,76.6625,-5.69,98,100,6.98
97,Pacific Grove,US,2022-03-11 23:39:56,36.6177,-121.9166,71.71,62,0,12.66
98,Hermanus,ZA,2022-03-11 23:39:56,-34.4187,19.2345,71.8,75,78,5.93
99,Te Anau,NZ,2022-03-11 23:39:56,-45.4167,167.7167,63.37,52,84,3.69
100,Mar Del Plata,AR,2022-03-11 23:36:09,-38.0023,-57.5575,62.1,71,40,10.0
101,Ararangua,BR,2022-03-11 23:39:57,-28.9347,-49.4858,69.57,94,100,9.57
102,Sakete,BJ,2022-03-11 23:39:57,6.7362,2.6587,80.24,81,92,6.58
103,Vizinga,RU,2022-03-11 23:39:57,61.0749,50.1031,14.43,95,100,6.89
104,Upernavik,GL,2022-03-11 23:39:58,72.7868,-56.1549,-18.04,100,83,7.78
105,Latung,PH,2022-03-11 23:39:58,5.5,120.8833,82.69,78,45,6.44
106,Pangnirtung,CA,2022-03-11 23:39:58,66.1451,-65.7125,-18.4,76,0,2.3
107,Bredasdorp,ZA,2022-03-11 23:39:59,-34.5322,20.0403,65.52,94,99,6.91
108,Koslan,RU,2022-03-11 23:39:59,63.4564,48.8989,19.76,96,100,5.79
109,Omaha,US,2022-03-11 23:39:59,41.2586,-95.9378,22.95,34,0,23.02
110,Puerto Leguizamo,CO,2022-03-11 23:38:09,-0.1934,-74.7819,77.61,80,96,2.35
111,Itupiranga,BR,2022-03-11 23:40:00,-5.1347,-49.3267,73.72,97,100,3.06
112,Pundaguitan,PH,2022-03-11 23:40:00,6.3711,126.1689,82.67,75,93,7.43
113,Olinda,BR,2022-03-11 23:40:01,-8.0089,-34.8553,82.13,74,20,6.91
114,Faanui,PF,2022-03-11 23:40:01,-16.4833,-151.75,81.68,69,17,11.34
115,Cerro De Pasco,PE,2022-03-11 23:40:02,-10.6833,-76.2667,40.39,93,100,3.44
116,Longyearbyen,SJ,2022-03-11 23:40:03,78.2186,15.6401,10.24,79,0,4.61
117,Itanhandu,BR,2022-03-11 23:40:03,-22.2958,-44.9347,67.5,91,71,1.99
118,Gizo,SB,2022-03-11 23:40:03,-8.103,156.8419,84.31,63,95,3.44
119,Nara,JP,2022-03-11 23:40:04,34.6851,135.8049,54.7,64,24,4.18
120,Yarada,IN,2022-03-11 23:40:04,17.65,83.2667,71.92,94,20,2.3
121,Olafsvik,IS,2022-03-11 23:40:05,64.8945,-23.7142,39.2,71,68,22.75
122,Tuktoyaktuk,CA,2022-03-11 23:40:05,69.4541,-133.0374,-2.2,84,100,14.97
123,Ilulissat,GL,2022-03-11 23:38:05,69.2167,-51.1,5.02,72,75,9.22
124,Cabedelo,BR,2022-03-11 23:36:08,-6.9811,-34.8339,81.27,73,27,9.62
125,Lowestoft,GB,2022-03-11 23:38:10,52.4752,1.7516,49.44,91,100,19.08
126,Severo-Kurilsk,RU,2022-03-11 23:40:06,50.6789,156.125,31.95,96,100,2.84
127,Songjianghe,CN,2022-03-11 23:40:06,42.1859,127.479,32.85,41,98,4.23
128,Bengkulu,ID,2022-03-11 23:40:07,-3.8004,102.2655,75.78,86,100,4.41
129,Lebu,CL,2022-03-11 23:40:08,-37.6167,-73.65,58.96,90,0,18.59
130,Qaqortoq,GL,2022-03-11 23:40:08,60.7167,-46.0333,1.56,85,88,3.49
131,Smirnykh,RU,2022-03-11 23:40:08,49.75,142.8333,27.32,92,100,5.55
132,Kahului,US,2022-03-11 23:40:08,20.8947,-156.47,87.82,45,0,24.16
133,Kununurra,AU,2022-03-11 23:40:09,-15.7667,128.7333,75.18,94,75,6.91
134,Vracov,CZ,2022-03-11 23:40:09,48.9752,17.211,27.43,38,0,7.7
135,Vila,PT,2022-03-11 23:40:10,42.0304,-8.1588,36.48,92,51,4.43
136,Reconquista,AR,2022-03-11 23:40:10,-29.15,-59.65,64.63,73,0,7.58
137,Bethel,US,2022-03-11 23:40:10,41.3712,-73.414,44.29,65,85,4.9
138,Lata,PT,2022-03-11 23:40:10,40.1629,-8.3327,47.07,94,5,2.95
139,Ribeira Grande,PT,2022-03-11 23:36:17,38.5167,-28.7,59.5,76,100,13.73
140,Batagay-Alyta,RU,2022-03-11 23:41:11,67.8006,130.4114,-5.6,88,91,3.36
141,Alice Springs,AU,2022-03-11 23:40:30,-23.7,133.8833,72.95,28,0,0.0
142,Cananea,MX,2022-03-11 23:41:11,30.95,-110.3,55.74,17,0,14.43
143,Sitka,US,2022-03-11 23:41:12,57.0531,-135.33,42.69,75,100,9.22
144,Provideniya,RU,2022-03-11 23:41:12,64.3833,-173.3,26.67,56,0,11.72
145,Leshukonskoye,RU,2022-03-11 23:41:12,64.8989,45.7622,26.37,96,95,4.83
146,Port-Gentil,GA,2022-03-11 23:41:12,-0.7193,8.7815,81.93,82,100,11.27
147,Nikolskoye,RU,2022-03-11 23:41:13,59.7035,30.7861,32.88,97,100,4.23
148,Hofn,IS,2022-03-11 23:41:13,64.2539,-15.2082,44.62,92,100,19.77
149,Katangli,RU,2022-03-11 23:41:13,51.7102,143.2326,19.54,95,100,9.95
150,Thompson,CA,2022-03-11 23:41:14,55.7435,-97.8558,3.36,47,20,11.5
151,Maniitsoq,GL,2022-03-11 23:41:14,65.4167,-52.9,-7.69,95,57,7.49
152,Linxi,CN,2022-03-11 23:41:14,39.7,118.4333,42.55,60,100,4.72
153,Nome,US,2022-03-11 23:41:14,64.5011,-165.4064,30.27,31,0,18.41
154,Nhulunbuy,AU,2022-03-11 23:41:15,-12.2333,136.7667,79.41,89,96,1.14
155,Chicama,PE,2022-03-11 23:41:15,-7.8447,-79.1469,66.74,70,72,6.44
156,Kamaishi,JP,2022-03-11 23:41:15,39.2667,141.8833,45.59,55,22,12.1
157,Lorengau,PG,2022-03-11 23:41:16,-2.0226,147.2712,84.11,70,96,5.03
158,Merauke,ID,2022-03-11 23:41:16,-8.4667,140.3333,79.57,84,100,3.31
159,Kovdor,RU,2022-03-11 23:41:16,67.5662,30.4758,18.75,97,90,1.32
160,Parfino,RU,2022-03-11 23:41:17,57.9731,31.6481,29.16,98,100,4.88
161,Rosario Do Sul,BR,2022-03-11 23:37:59,-30.2583,-54.9142,62.1,59,57,8.88
162,Camabatela,AO,2022-03-11 23:41:17,-8.1881,15.375,62.74,99,98,2.82
163,Nacala,MZ,2022-03-11 23:41:17,-14.5428,40.6728,77.04,89,100,5.77
164,Broome,US,2022-03-11 23:41:18,42.2506,-75.833,47.01,68,20,6.91
165,Tevaitoa,PF,2022-03-11 23:41:18,-16.7833,-151.5,81.16,71,22,11.1
166,Concordia,AR,2022-03-11 23:41:05,-31.393,-58.0209,67.78,67,0,1.99
167,Hanna,CA,2022-03-11 23:40:25,51.6334,-111.9018,15.85,76,100,13.0
168,Honavar,IN,2022-03-11 23:41:18,14.2833,74.45,74.89,81,4,3.56
169,Gobabis,NA,2022-03-11 23:41:18,-22.45,18.9667,68.92,45,48,5.21
170,Amapa,BR,2022-03-11 23:41:21,1.0,-52.0,71.51,92,100,2.26
171,Butaritari,KI,2022-03-11 23:41:21,3.0707,172.7902,81.55,79,43,18.84
172,Qaanaaq,GL,2022-03-11 23:41:22,77.484,-69.3632,-11.85,77,69,5.12
173,Khatanga,RU,2022-03-11 23:41:22,71.9667,102.5,-28.48,99,95,5.79
174,Mao,ES,2022-03-11 23:41:22,39.8885,4.2658,54.16,100,20,5.75
175,Sol-Iletsk,RU,2022-03-11 23:41:23,51.1631,54.9918,6.82,90,98,12.53
176,Hithadhoo,MV,2022-03-11 23:41:23,-0.6,73.0833,81.93,64,8,5.39
177,Tuatapere,NZ,2022-03-11 23:41:23,-46.1333,167.6833,60.62,69,97,11.23
178,Airai,TL,2022-03-11 23:41:24,-8.9266,125.4092,67.19,83,93,2.57
179,Katsuura,JP,2022-03-11 23:41:24,35.1333,140.3,57.36,49,0,5.88
180,Linkou,CN,2022-03-11 23:41:24,45.3,130.2833,25.14,79,18,3.09
181,Naze,JP,2022-03-11 23:39:05,28.3667,129.4833,61.72,59,0,8.84
182,Ancud,CL,2022-03-11 23:42:24,-41.8697,-73.8203,62.22,89,3,3.42
183,Tabuk,PH,2022-03-11 23:42:25,17.4189,121.4443,75.06,91,94,3.2
184,Nanortalik,GL,2022-03-11 23:42:27,60.1432,-45.2371,13.41,77,69,29.33
185,Port Blair,IN,2022-03-11 23:42:28,11.6667,92.75,77.04,94,40,2.3
186,Saint-Augustin,CA,2022-03-11 23:42:28,51.226,-58.6502,1.02,82,55,7.23
187,Kachiry,KZ,2022-03-11 23:42:29,53.0675,76.1036,3.18,89,100,12.8
188,Pevek,RU,2022-03-11 23:42:29,69.7008,170.3133,1.6,78,4,2.44
189,Isangel,VU,2022-03-11 23:42:29,-19.55,169.2667,83.44,71,10,0.89
190,Fortuna,US,2022-03-11 23:42:30,40.5982,-124.1573,63.86,68,0,12.66
191,Erenhot,CN,2022-03-11 23:42:30,43.6475,111.9767,37.76,45,96,15.37
192,Torbay,CA,2022-03-11 23:42:31,47.6666,-52.7314,32.58,69,0,16.11
193,Ouadda,CF,2022-03-11 23:42:31,8.0777,22.4007,70.25,46,87,4.38
194,Rantoul,US,2022-03-11 23:42:31,40.3084,-88.1559,28.42,72,40,14.97
195,Castro,BR,2022-03-11 23:42:32,-24.7911,-50.0119,65.23,98,81,4.59
196,Klaksvik,FO,2022-03-11 23:42:32,62.2266,-6.589,45.52,92,100,40.58
197,Antofagasta,CL,2022-03-11 23:42:33,-23.65,-70.4,65.48,86,8,4.79
198,Shimoda,JP,2022-03-11 23:42:33,34.6667,138.95,61.11,50,0,10.6
199,Molina,CL,2022-03-11 23:42:33,-35.1167,-71.2833,82.13,32,0,5.75
200,Sinnamary,GF,2022-03-11 23:42:33,5.3833,-52.95,76.39,88,100,8.77
201,Joao Pinheiro,BR,2022-03-11 23:42:34,-17.7425,-46.1725,74.55,61,92,5.23
202,Mlonggo,ID,2022-03-11 23:42:34,-6.5333,110.7,81.1,82,94,7.36
203,Bose,IT,2022-03-11 23:42:34,45.4612,8.0137,43.75,71,100,4.61
204,Usinsk,RU,2022-03-11 23:42:35,65.9939,57.5281,13.84,94,100,24.05
205,Cayenne,GF,2022-03-11 23:42:35,4.9333,-52.3333,81.09,54,20,6.91
206,Nantucket,US,2022-03-11 23:40:46,41.2835,-70.0995,42.85,88,0,6.91
207,Montepuez,MZ,2022-03-11 23:42:35,-13.1256,38.9997,67.46,96,100,3.71
208,Shingu,JP,2022-03-11 23:42:36,33.7333,135.9833,62.73,57,24,4.36
209,Portland,US,2022-03-11 23:42:36,45.5234,-122.6762,62.62,38,75,6.91
210,San Luis,AR,2022-03-11 23:39:16,-33.295,-66.3356,66.76,37,40,13.87
211,Ochakiv,UA,2022-03-11 23:42:36,46.6128,31.5498,24.78,75,95,18.68
212,Les Escoumins,CA,2022-03-11 23:42:37,48.1111,-69.0236,18.75,96,100,5.86
213,Los Llanos De Aridane,ES,2022-03-11 23:42:37,28.6585,-17.9182,59.13,89,0,5.75
214,Ambilobe,MG,2022-03-11 23:42:37,-13.2,49.05,72.07,95,100,1.63
215,Wukari,NG,2022-03-11 23:42:38,7.85,9.7833,81.91,54,1,4.0
216,Pacifica,US,2022-03-11 23:42:38,37.6138,-122.4869,74.48,48,20,10.36
217,Laguna De Perlas,NI,2022-03-11 23:42:38,12.3429,-83.6712,82.49,80,4,7.11
218,Karratha,AU,2022-03-11 23:42:39,-20.7377,116.8463,87.96,53,2,5.91
219,Ballachulish,GB,2022-03-11 23:42:39,56.6774,-5.1308,47.41,92,100,4.27
220,Saint-Philippe,RE,2022-03-11 23:42:39,-21.3585,55.7679,74.79,82,40,9.13
221,Yar-Sale,RU,2022-03-11 23:42:40,66.8333,70.8333,-6.41,100,82,11.3
222,Las Palmas,ES,2022-03-11 23:42:42,28.4204,-14.0131,59.79,72,0,5.75
223,Lompoc,US,2022-03-11 23:42:42,34.6391,-120.4579,71.78,21,0,13.8
224,Hasaki,JP,2022-03-11 23:40:38,35.7333,140.8333,55.29,64,0,12.95
225,Boende,CD,2022-03-11 23:42:43,-0.2167,20.8667,70.39,99,99,3.27
226,Tabou,CI,2022-03-11 23:42:44,4.423,-7.3528,79.39,89,68,6.96
227,Hobbs,US,2022-03-11 23:41:27,32.7026,-103.136,40.19,40,0,12.66
228,Houma,US,2022-03-11 23:42:44,29.5958,-90.7195,73.4,86,75,9.22
229,Tromso,NO,2022-03-11 23:43:45,69.6496,18.957,39.38,87,100,18.41
230,Nizhniy Odes,RU,2022-03-11 23:43:47,63.6445,54.856,13.93,94,100,9.73
231,Swellendam,ZA,2022-03-11 23:43:47,-34.0226,20.4417,75.87,69,100,6.93
232,San Pedro De Macoris,DO,2022-03-11 23:43:47,18.4616,-69.2972,81.21,80,32,11.72
233,Coquimbo,CL,2022-03-11 23:43:48,-29.9533,-71.3436,60.53,88,20,11.5
234,Doha,QA,2022-03-11 23:43:48,25.2867,51.5333,78.69,44,0,4.61
235,Arrifes,PT,2022-03-11 23:43:48,37.7667,-25.7,61.23,94,75,24.16
236,Pisco,PE,2022-03-11 23:43:48,-13.7,-76.2167,73.45,73,0,16.11
237,Talnakh,RU,2022-03-11 23:43:49,69.4865,88.3972,-25.31,98,87,8.68
238,Padang,ID,2022-03-11 23:43:49,-0.9492,100.3543,77.52,82,94,3.78
239,Utrecht,NL,2022-03-11 23:43:49,52.0,5.25,51.1,50,100,8.01
240,Kaitangata,NZ,2022-03-11 23:43:49,-46.2817,169.8464,61.59,64,100,14.32
241,Saint George,US,2022-03-11 23:43:50,37.1041,-113.5841,61.25,12,0,0.0
242,Merritt Island,US,2022-03-11 23:40:18,28.5392,-80.672,82.49,75,0,17.27
243,East London,ZA,2022-03-11 23:43:50,-33.0153,27.9116,73.78,87,44,16.46
244,Grindavik,IS,2022-03-11 23:43:50,63.8424,-22.4338,39.15,87,75,13.8
245,Husavik,IS,2022-03-11 23:43:51,66.0449,-17.3389,32.25,87,100,10.67
246,Ilo,PE,2022-03-11 23:43:51,-17.6394,-71.3375,71.44,88,58,7.4
247,Filadelfia,US,2022-03-11 23:42:28,39.9523,-75.1638,55.29,54,40,7.0
248,Caluquembe,AO,2022-03-11 23:43:52,-13.7833,14.6833,60.87,96,100,1.32
249,Chuy,UY,2022-03-11 23:43:52,-33.6971,-53.4616,61.3,70,44,9.17
250,Daru,PG,2022-03-11 23:43:53,-9.0763,143.2092,78.48,89,100,5.1
251,Kapit,MY,2022-03-11 23:43:54,2.0167,112.9333,75.79,97,72,0.83
252,Seoul,KR,2022-03-11 23:40:29,37.5683,126.9778,42.4,90,75,2.3
253,Jibuti,DJ,2022-03-11 23:43:54,11.5,42.5,70.0,75,72,13.58
254,Tilichiki,RU,2022-03-11 23:43:54,60.4667,166.1,12.27,78,93,6.44
255,Bom Jardim,BR,2022-03-11 23:43:55,-7.7958,-35.5872,74.43,81,87,6.02
256,Baykit,RU,2022-03-11 23:43:55,61.67,96.37,-11.27,99,100,2.35
257,Parczew,PL,2022-03-11 23:43:55,51.6402,22.9006,21.81,47,45,1.16
258,Flinders,AU,2022-03-11 23:43:55,-34.5833,150.8552,69.19,88,95,8.99
259,Sabzevar,IR,2022-03-11 23:43:56,36.2126,57.6819,62.65,42,10,19.24
260,Morlaix,FR,2022-03-11 23:43:56,48.5833,-4.0,46.56,100,75,10.36
261,Fare,PF,2022-03-11 23:43:56,-16.7,-151.0167,81.46,68,27,9.33
262,Jiuquan,CN,2022-03-11 23:43:57,39.7432,98.5174,40.55,30,61,2.46
263,Ballater,GB,2022-03-11 23:43:57,57.0493,-3.0402,45.3,93,100,6.58
264,Iqaluit,CA,2022-03-11 23:43:57,63.7506,-68.5145,-20.47,76,20,4.61
265,Columbus,US,2022-03-11 23:41:41,39.9612,-82.9988,36.7,90,100,16.11
266,Zaraysk,RU,2022-03-11 23:43:57,54.7653,38.8836,9.81,95,72,5.55
267,Russell,US,2022-03-11 23:43:58,32.3502,-85.1999,62.11,89,100,4.61
268,Raga,SS,2022-03-11 23:43:58,8.4596,25.678,76.35,23,58,1.21
269,Ishigaki,JP,2022-03-11 23:43:58,24.3448,124.1572,71.73,73,20,8.05
270,Half Moon Bay,US,2022-03-11 23:43:08,37.4636,-122.4286,74.88,22,0,10.36
271,Port Lincoln,AU,2022-03-11 23:43:58,-34.7333,135.8667,69.75,62,0,14.36
272,Bathsheba,BB,2022-03-11 23:43:59,13.2167,-59.5167,79.41,69,20,19.57
273,Bow Island,CA,2022-03-11 23:43:59,49.8668,-111.3684,24.06,70,98,21.85
274,Plouzane,FR,2022-03-11 23:43:59,48.3833,-4.6167,46.58,81,20,14.97
275,Weligama,LK,2022-03-11 23:44:00,5.9667,80.4167,76.23,88,74,2.15
276,Luba,GQ,2022-03-11 23:44:00,3.4568,8.5547,78.69,78,79,6.29
277,Shelburne,CA,2022-03-11 23:44:01,44.0787,-80.2041,27.12,85,100,9.48
278,Elk City,US,2022-03-11 23:43:05,35.412,-99.4043,37.62,25,0,10.36
279,Placido De Castro,BR,2022-03-11 23:45:01,-10.3353,-67.1856,74.88,91,85,1.63
280,Yulara,AU,2022-03-11 23:45:01,-25.2406,130.9889,75.04,23,0,12.66
281,Hella,NO,2022-03-11 23:45:01,67.2,14.4333,41.88,73,0,10.36
282,Luanda,AO,2022-03-11 23:45:02,-8.8368,13.2343,80.6,83,75,5.75
283,Turukhansk,RU,2022-03-11 23:45:02,65.8167,87.9833,-15.75,99,96,3.76
284,Aswan,EG,2022-03-11 23:45:02,24.0934,32.907,56.25,35,11,14.72
285,Muros,ES,2022-03-11 23:42:25,42.7762,-9.0603,44.1,92,47,9.31
286,Villamontes,BO,2022-03-11 23:45:03,-21.25,-63.5,65.61,81,97,5.19
287,Tres Picos,MX,2022-03-11 23:45:04,15.8667,-93.5333,82.33,61,6,4.63
288,Boralday,KZ,2022-03-11 23:45:04,43.3578,76.8594,46.26,93,100,4.47
289,Erdenet,MN,2022-03-11 23:45:04,49.0333,104.0833,9.54,93,77,3.38
290,Fairbanks,US,2022-03-11 23:44:51,64.8378,-147.7164,24.82,32,0,6.91
291,Port Hedland,AU,2022-03-11 23:45:04,-20.3167,118.5667,86.05,51,6,6.91
292,Ferkessedougou,CI,2022-03-11 23:45:05,9.6,-5.2,84.09,15,81,4.85
293,Mehrabpur,PK,2022-03-11 23:45:05,28.1085,68.0254,75.25,33,3,5.14
294,Eureka,US,2022-03-11 23:45:05,40.8021,-124.1637,64.13,66,18,4.0
295,Lanxi,CN,2022-03-11 23:45:06,29.2195,119.477,64.26,81,1,3.69
296,Hovd,MN,2022-03-11 23:45:06,48.0056,91.6419,17.01,78,100,2.37
297,Praia,CV,2022-03-11 23:45:07,14.9215,-23.5087,70.34,73,40,17.27
298,Araouane,ML,2022-03-11 23:45:07,18.9048,-3.5265,70.9,14,0,13.02
299,Mutis,CO,2022-03-11 23:45:07,6.2262,-77.4044,78.39,83,46,0.31
300,Balykshi,KZ,2022-03-11 23:45:07,47.0667,51.8667,30.2,100,100,11.18
301,Tutoia,BR,2022-03-11 23:45:08,-2.7619,-42.2744,75.06,96,100,14.16
302,Vredendal,ZA,2022-03-11 23:45:08,-31.6683,18.5012,77.97,59,33,5.97
303,Lavrentiya,RU,2022-03-11 23:45:08,65.5833,-171.0,16.65,75,1,8.66
304,Harper,LR,2022-03-11 23:45:08,4.375,-7.7169,79.7,87,77,7.65
305,Petropavlovsk-Kamchatskiy,RU,2022-03-11 23:45:09,53.0452,158.6483,30.79,74,75,4.47
306,Kurilsk,RU,2022-03-11 23:45:09,45.2333,147.8833,33.69,99,97,2.64
307,Marystown,CA,2022-03-11 23:45:09,47.1666,-55.1483,32.86,100,71,9.86
308,Muncar,ID,2022-03-11 23:45:10,-8.4333,114.3333,78.71,89,100,5.59
309,Kavaratti,IN,2022-03-11 23:45:10,10.5669,72.642,81.93,72,1,3.2
310,Sao Filipe,CV,2022-03-11 23:45:10,14.8961,-24.4956,74.03,62,7,9.24
311,Bardiyah,LY,2022-03-11 23:45:11,31.7561,25.0865,50.72,62,90,6.11
312,Prince Rupert,CA,2022-03-11 23:45:11,54.3161,-130.3201,44.69,87,100,2.3
313,Auki,SB,2022-03-11 23:45:11,-8.7676,160.7034,82.8,77,76,4.81
314,Buala,SB,2022-03-11 23:45:12,-8.145,159.5921,83.48,75,71,4.09
315,Carnarvon,AU,2022-03-11 23:45:01,-24.8667,113.6333,75.27,88,0,6.91
316,Tashigang,BT,2022-03-11 23:45:12,27.3331,91.5542,55.9,42,17,5.41
317,Axim,GH,2022-03-11 23:45:12,4.8699,-2.2405,80.35,85,36,4.88
318,Lichinga,MZ,2022-03-11 23:45:12,-13.3128,35.2406,61.45,98,100,1.41
319,Havelock,US,2022-03-11 23:42:13,34.8791,-76.9013,57.18,93,100,4.61
320,Sabang,ID,2022-03-11 23:45:13,5.8933,95.3214,82.08,73,87,6.55
321,Staryy Nadym,RU,2022-03-11 23:45:13,65.6118,72.6842,-5.04,97,100,10.78
322,Jaleswar,NP,2022-03-11 23:45:13,26.6471,85.8008,63.57,33,0,7.43
323,Kuybysheve,UA,2022-03-11 23:45:13,47.358,36.6491,19.31,82,100,13.67
324,Vardo,NO,2022-03-11 23:46:14,70.3705,31.1107,32.67,75,81,14.03
325,Lasa,IT,2022-03-11 23:46:14,46.6166,10.7002,35.69,98,100,3.71
326,Mutoko,ZW,2022-03-11 23:46:14,-17.397,32.2268,60.73,82,99,4.09
327,Bulawayo,ZW,2022-03-11 23:46:15,-20.15,28.5833,60.49,66,12,11.1
328,Touros,BR,2022-03-11 23:46:15,-5.1989,-35.4608,80.11,74,100,8.7
329,Gambissara,SN,2022-03-11 23:46:15,13.2382,-14.3108,83.93,11,0,6.89
330,Sibu,MY,2022-03-11 23:46:15,2.3,111.8167,77.31,94,20,3.44
331,Nuuk,GL,2022-03-11 23:46:16,64.1835,-51.7216,-8.09,94,93,5.26
332,Salto,UY,2022-03-11 23:46:16,-31.3833,-57.9667,67.87,67,0,1.99
333,Bien Hoa,VN,2022-03-11 23:41:34,10.95,106.8167,76.98,76,95,3.44
334,Bandarbeyla,SO,2022-03-11 23:46:16,9.4942,50.8122,75.99,72,75,10.13
335,Cabo San Lucas,MX,2022-03-11 23:46:17,22.8909,-109.9124,76.51,64,2,1.01
336,Marakkanam,IN,2022-03-11 23:46:17,12.2,79.95,72.23,84,37,6.42
337,Gravdal,NO,2022-03-11 23:46:17,68.1214,13.5031,39.54,86,92,11.65
338,Ola,RU,2022-03-11 23:46:18,59.5833,151.2833,19.92,76,63,6.51
339,Camacha,PT,2022-03-11 23:46:18,33.0833,-16.3333,56.62,72,0,8.05
340,Havre,FR,2022-03-11 23:46:18,49.5833,0.3333,47.97,81,20,12.66
341,Kruisfontein,ZA,2022-03-11 23:46:18,-34.0033,24.7314,71.02,83,80,11.43
342,High Level,CA,2022-03-11 23:46:19,58.5169,-117.136,10.51,79,100,4.61
343,Namibe,AO,2022-03-11 23:46:19,-15.1961,12.1522,72.46,81,90,9.64
344,Gurupa,BR,2022-03-11 23:46:19,-1.405,-51.64,72.75,96,100,2.35
345,Port-Cartier,CA,2022-03-11 23:46:19,50.0334,-66.8654,15.75,93,87,2.89
346,Farafangana,MG,2022-03-11 23:46:20,-22.8167,47.8333,75.54,86,95,3.47
347,Buin,CL,2022-03-11 23:46:20,-33.7333,-70.75,80.82,41,0,3.31
348,Hervey Bay,AU,2022-03-11 23:46:20,-25.2986,152.8535,80.02,69,80,8.99
349,Chunoyar,RU,2022-03-11 23:46:21,57.4467,97.3217,-18.71,100,99,1.81
350,Gaoua,BF,2022-03-11 23:46:21,10.2992,-3.2508,85.19,11,71,2.77
351,Dakar,SN,2022-03-11 23:41:41,14.6937,-17.4441,77.88,70,1,13.65
352,Prokudskoye,RU,2022-03-11 23:46:21,55.0089,82.4574,-7.15,76,0,6.71
353,Aravete,EE,2022-03-11 23:46:22,59.1403,25.7485,26.92,97,100,4.21
354,Narsaq,GL,2022-03-11 23:46:22,60.9167,-46.05,7.02,88,98,3.53
355,Tasiilaq,GL,2022-03-11 23:46:22,65.6145,-37.6368,32.16,93,100,26.57
356,Puteyets,RU,2022-03-11 23:46:23,65.1716,57.091,14.11,93,100,13.85
357,Zhigalovo,RU,2022-03-11 23:46:23,54.8097,105.1578,-10.17,100,99,0.51
358,Sao Felix Do Xingu,BR,2022-03-11 23:46:23,-6.6447,-51.995,69.93,98,100,0.83
359,Deer Lake,CA,2022-03-11 23:45:20,49.1667,-57.4316,22.86,68,75,8.05
360,Mount Gambier,AU,2022-03-11 23:46:23,-37.8333,140.7667,60.71,59,0,12.66
361,Sabaudia,IT,2022-03-11 23:46:24,41.3003,13.0282,49.78,64,96,10.33
362,Eyl,SO,2022-03-11 23:46:24,7.9803,49.8164,73.89,78,80,10.09
363,Bang Saphan,TH,2022-03-11 23:46:24,11.2126,99.5117,75.24,86,21,3.06
364,Manicore,BR,2022-03-11 23:46:24,-5.8092,-61.3003,74.14,95,33,2.06
365,Stornoway,GB,2022-03-11 23:45:04,58.2093,-6.3865,46.92,91,100,5.01
366,Tual,ID,2022-03-11 23:46:25,-5.6667,132.75,82.99,74,98,9.08
367,Luwuk,ID,2022-03-11 23:46:25,-0.9516,122.7875,83.26,77,92,1.48
368,Yakeshi,CN,2022-03-11 23:46:25,49.2833,120.7333,18.48,76,100,14.52
369,Hukuntsi,BW,2022-03-11 23:46:25,-24.0,21.75,72.03,47,29,9.91
370,Peleduy,RU,2022-03-11 23:47:26,59.6289,112.7406,-4.11,98,99,2.68
371,Akdepe,TM,2022-03-11 23:47:26,42.0551,59.3788,46.49,88,75,2.46
372,Port Hardy,CA,2022-03-11 23:47:26,50.6996,-127.4199,42.98,81,100,20.71
373,Aksarka,RU,2022-03-11 23:47:26,66.5606,67.7975,0.84,97,100,10.67
374,Victoria,HK,2022-03-11 23:47:27,22.2855,114.1577,73.26,85,7,4.0
375,Kungurtug,RU,2022-03-11 23:47:27,50.5994,97.5228,-4.5,98,89,2.01
376,Pemberton,CA,2022-03-11 23:47:27,50.3164,-122.8027,43.79,94,99,6.08
377,Namuac,PH,2022-03-11 23:47:27,18.6109,121.1657,75.63,92,100,14.12
378,Lethem,GY,2022-03-11 23:47:28,3.3803,-59.7968,80.02,67,82,8.5
379,Bilma,NE,2022-03-11 23:47:28,18.6853,12.9164,71.02,22,7,10.87
380,Cervo,ES,2022-03-11 23:47:28,43.6702,-7.4101,44.96,81,58,9.98
381,Samarai,PG,2022-03-11 23:47:28,-10.6167,150.6667,85.01,72,97,13.11
382,Sorland,NO,2022-03-11 23:47:29,67.667,12.6934,41.95,85,77,8.03
383,Zhangye,CN,2022-03-11 23:47:29,38.9342,100.4517,41.27,33,3,1.74
384,Dalbandin,PK,2022-03-11 23:47:29,28.8947,64.4101,71.35,39,39,3.89
385,Atyrau,KZ,2022-03-11 23:47:29,47.1167,51.8833,30.22,100,100,11.18
386,Kapiri Mposhi,ZM,2022-03-11 23:47:30,-13.9652,28.6809,60.96,98,61,4.65
387,Chulumani,BO,2022-03-11 23:47:30,-16.4096,-67.5263,63.21,96,100,1.57
388,Bairiki,KI,2022-03-11 23:47:30,1.3292,172.9752,86.0,74,40,11.5
389,Paragominas,BR,2022-03-11 23:47:30,-2.9667,-47.4833,72.3,97,100,3.18
390,Bloomfield,US,2022-03-11 23:47:31,40.8068,-74.1854,47.37,70,0,9.22
391,Villena,ES,2022-03-11 23:47:31,38.6373,-0.8657,50.9,91,100,4.5
392,Mecca,SA,2022-03-11 23:47:32,21.4267,39.8261,66.85,57,0,6.11
393,Hellvik,NO,2022-03-11 23:47:32,59.9156,5.781,32.58,65,3,10.92
394,Vila Franca Do Campo,PT,2022-03-11 23:47:32,37.7167,-25.4333,63.19,96,100,17.54
395,Poum,NC,2022-03-11 23:47:32,-20.2333,164.0167,81.86,73,2,1.07
396,Les Cayes,HT,2022-03-11 23:47:32,18.2,-73.75,76.51,80,1,7.14
397,Quijingue,BR,2022-03-11 23:47:33,-10.7525,-39.2092,74.34,77,99,4.38
398,Waipawa,NZ,2022-03-11 23:47:33,-41.4122,175.5153,68.5,69,85,8.88
399,Villarrobledo,ES,2022-03-11 23:47:33,39.2699,-2.6012,44.78,88,94,11.56
400,Bogo,PH,2022-03-11 23:47:34,11.0517,124.0055,80.94,83,99,3.74
401,Luderitz,NA,2022-03-11 23:47:34,-26.6481,15.1594,67.75,84,7,6.51
402,Mokhsogollokh,RU,2022-03-11 23:47:34,61.4681,128.9203,-4.32,98,100,0.6
403,Lagoa,PT,2022-03-11 23:47:34,39.05,-27.9833,58.35,72,100,15.28
404,North Bend,US,2022-03-11 23:47:35,43.4065,-124.2243,63.25,75,0,8.05
405,Xiaoweizhai,CN,2022-03-11 23:47:35,26.1903,107.5125,61.84,93,100,6.08
406,Krusa,DK,2022-03-11 23:47:35,54.851,9.4013,38.84,44,0,11.5
407,Borba,BR,2022-03-11 23:47:35,-4.3878,-59.5939,74.5,91,55,2.84
408,Faya,SA,2022-03-11 23:47:36,18.3851,42.4509,59.11,83,29,3.2
409,Krasnovishersk,RU,2022-03-11 23:47:36,60.4078,57.082,-1.26,99,100,4.45
410,Dingle,PH,2022-03-11 23:47:36,10.9995,122.6711,80.8,81,99,5.12
411,Kaya,BF,2022-03-11 23:47:36,13.0917,-1.0844,84.65,15,95,8.03
412,Maceio,BR,2022-03-11 23:47:37,-9.6658,-35.7353,78.24,83,0,4.61
413,Shumskiy,RU,2022-03-11 23:47:37,54.8318,99.1328,6.03,97,100,1.92
414,Meulaboh,ID,2022-03-11 23:47:37,4.1363,96.1285,76.68,84,94,2.82
415,Phalodi,IN,2022-03-11 23:48:37,27.1333,72.3667,74.21,26,0,4.72
416,Linjiang,CN,2022-03-11 23:48:38,41.8069,126.9078,35.6,55,92,2.33
417,Laguna,US,2022-03-11 23:47:44,38.421,-121.4238,73.69,21,0,5.75
418,Linxia,CN,2022-03-11 23:48:38,35.6003,103.2064,43.57,49,59,3.02
419,Gao,ML,2022-03-11 23:48:38,16.6362,1.637,76.66,19,8,13.49
420,Aklavik,CA,2022-03-11 23:48:38,68.2191,-135.0107,0.32,89,100,11.07
421,Manaus,BR,2022-03-11 23:44:05,-3.1019,-60.025,77.49,94,75,4.61
422,Launceston,AU,2022-03-11 23:48:39,-41.45,147.1667,66.15,68,40,4.61
423,Moindou,NC,2022-03-11 23:48:39,-21.6924,165.677,84.7,64,14,4.34
424,Trelew,AR,2022-03-11 23:48:39,-43.249,-65.3051,69.26,39,0,18.28
425,San Policarpo,PH,2022-03-11 23:46:48,12.1791,125.5072,81.12,83,97,7.7
426,Fort Saint James,CA,2022-03-11 23:48:40,54.4333,-124.25,43.02,78,95,9.64
427,Flin Flon,CA,2022-03-11 23:48:40,54.7682,-101.865,8.44,43,75,6.91
428,Srednekolymsk,RU,2022-03-11 23:48:40,67.45,153.6833,2.55,93,99,5.55
429,General Cepeda,MX,2022-03-11 23:48:40,25.3833,-101.45,67.55,18,10,16.78
430,Along,IN,2022-03-11 23:48:41,28.1667,94.7667,59.05,64,12,1.66
431,Berlevag,NO,2022-03-11 23:48:41,70.8578,29.0864,31.87,80,97,12.66
432,Santa Marta,CO,2022-03-11 23:48:28,11.2408,-74.199,87.85,68,75,11.01
433,Piet Retief,ZA,2022-03-11 23:48:41,-27.0071,30.8132,56.53,99,33,0.67
434,Savannah Bight,HN,2022-03-11 23:48:41,16.45,-85.85,80.51,77,2,25.59
435,Leningradskiy,RU,2022-03-11 23:48:42,69.3833,178.4167,8.28,76,1,1.39
436,Bentiu,SS,2022-03-11 23:47:42,9.2333,29.8333,81.66,20,65,5.73
437,Marawi,PH,2022-03-11 23:48:42,7.9986,124.2928,74.14,87,68,0.87
438,Tyup,KG,2022-03-11 23:48:42,42.7276,78.3648,35.73,97,100,3.62
439,Richards Bay,ZA,2022-03-11 23:48:43,-28.783,32.0377,72.27,90,35,4.36
440,Beloha,MG,2022-03-11 23:48:43,-25.1667,45.05,74.3,87,38,14.83
441,Kailua,US,2022-03-11 23:48:43,21.4022,-157.7394,84.18,67,40,9.22
442,Sabana De Torres,CO,2022-03-11 23:48:43,7.3915,-73.4957,83.01,73,51,3.15
443,Honiara,SB,2022-03-11 23:48:44,-9.4333,159.95,83.64,74,83,2.98
444,Waitara,NZ,2022-03-11 23:48:44,-38.925,174.25,64.99,91,99,11.63
445,Trinidad,BO,2022-03-11 23:48:44,-14.8333,-64.9,73.38,88,100,8.05
446,Tres Arroyos,AR,2022-03-11 23:43:58,-38.3739,-60.2798,53.47,76,0,4.14
447,El Reno,US,2022-03-11 23:48:44,35.5323,-97.955,37.18,44,0,17.27
448,Garissa,KE,2022-03-11 23:48:45,-0.4536,39.6401,77.9,66,24,11.43
449,Vanavara,RU,2022-03-11 23:48:45,60.34,102.2797,-24.52,100,87,1.83
450,Voh,NC,2022-03-11 23:48:45,-20.9667,164.7,88.16,59,8,6.11
451,Rochester,US,2022-03-11 23:48:46,43.1548,-77.6156,40.41,88,100,8.05
452,Tomatlan,MX,2022-03-11 23:48:46,19.9333,-105.25,79.36,48,0,11.27
453,Roebourne,AU,2022-03-11 23:48:46,-20.7833,117.1333,89.04,47,4,6.24
454,Iralaya,HN,2022-03-11 23:48:46,15.0,-83.2333,77.77,78,0,7.96
455,Inuvik,CA,2022-03-11 23:44:42,68.3499,-133.7218,-2.99,80,75,4.61
456,Santa Rosa,PH,2022-03-11 23:45:18,14.3122,121.1114,83.08,79,96,5.93
457,Mattru,SL,2022-03-11 23:48:47,7.6244,-11.8332,77.11,83,72,1.32
458,Guerrero Negro,MX,2022-03-11 23:48:47,27.9769,-114.0611,72.07,19,4,17.67
459,Khasan,RU,2022-03-11 23:49:47,42.4308,130.6434,37.2,40,52,6.49
460,Alekseyevka,RU,2022-03-11 23:49:48,50.6309,38.6903,-7.78,100,46,4.85
461,Matamoros,MX,2022-03-11 23:49:48,25.5333,-103.25,78.03,7,1,8.05
462,Saint-Denis,FR,2022-03-11 23:49:48,48.9167,2.3333,48.97,86,75,13.8
463,Filingue,NE,2022-03-11 23:49:49,14.3521,3.3168,83.44,15,85,11.36
464,Ozinki,RU,2022-03-11 23:49:49,51.1786,49.6769,5.29,98,89,8.25
465,Celestun,MX,2022-03-11 23:49:49,20.8667,-90.4,80.19,75,2,7.52
466,Champerico,GT,2022-03-11 23:49:49,14.3,-91.9167,84.74,65,74,7.25
467,Barinas,VE,2022-03-11 23:49:50,8.6226,-70.2075,81.1,69,66,5.12
468,Katubao,PH,2022-03-11 23:49:50,5.8892,124.8294,84.52,71,72,2.55
469,Hobyo,SO,2022-03-11 23:46:29,5.3505,48.5268,77.0,70,100,11.86
470,Pulsano,IT,2022-03-11 23:49:50,40.3821,17.3564,40.82,61,1,7.87
471,Aldan,RU,2022-03-11 23:48:32,58.6031,125.3894,-0.27,96,100,3.02
472,Chino Valley,US,2022-03-11 23:49:51,34.7575,-112.4538,56.73,22,0,6.91
473,Vostok,RU,2022-03-11 23:49:51,46.4856,135.8833,20.82,82,96,4.23
474,Oktyabrskoye,RU,2022-03-11 23:49:51,43.0645,44.7417,24.94,86,100,2.24
475,Acapulco,MX,2022-03-11 23:47:14,16.8634,-99.8901,81.27,57,19,12.17
476,Mayumba,GA,2022-03-11 23:49:51,-3.432,10.6554,77.54,85,100,3.91
477,Yamada,JP,2022-03-11 23:49:52,39.4667,141.95,46.51,47,19,10.29
478,Kaseda,JP,2022-03-11 23:49:52,31.4167,130.3167,62.8,68,14,1.95
479,Gamba,GA,2022-03-11 23:49:52,-2.65,10.0,76.3,85,100,3.74
480,Belyy Yar,RU,2022-03-11 23:49:52,53.6039,91.3903,4.89,56,40,13.42
481,Kutum,SD,2022-03-11 23:49:53,14.2,24.6667,63.57,21,89,8.46
482,Lensk,RU,2022-03-11 23:49:53,60.7253,114.9278,-5.44,98,92,3.6
483,Mehamn,NO,2022-03-11 23:46:39,71.0357,27.8492,31.46,77,89,11.72
484,Sawtell,AU,2022-03-11 23:49:53,-30.3833,153.1,73.42,73,40,14.97
485,Taungdwingyi,MM,2022-03-11 23:49:53,20.0167,95.55,76.21,46,11,5.7
486,Neyshabur,IR,2022-03-11 23:49:54,36.2133,58.7958,61.09,43,50,5.44
487,Nabire,ID,2022-03-11 23:49:54,-3.3667,135.4833,83.3,68,98,1.28
488,Timaru,NZ,2022-03-11 23:49:54,-44.4,171.25,69.08,45,52,8.99
489,Kita,ML,2022-03-11 23:49:54,13.0349,-9.4895,82.0,14,20,4.99
490,Northport,US,2022-03-11 23:49:55,33.229,-87.5772,73.22,43,40,4.61
491,Wasilla,US,2022-03-11 23:48:10,61.5814,-149.4394,41.4,68,100,6.91
492,Yabelo,ET,2022-03-11 23:49:55,4.8833,38.0833,63.14,41,77,17.98
493,Egvekinot,RU,2022-03-11 23:49:55,66.3167,-179.1667,20.82,63,0,7.92
494,Warrington,GB,2022-03-11 23:49:55,53.3925,-2.5802,48.92,90,75,11.5
495,La Roda,ES,2022-03-11 23:49:56,39.2167,-2.15,46.13,87,100,11.65
496,Nizhnekamsk,RU,2022-03-11 23:49:56,55.6366,51.8245,3.99,78,0,6.71
497,Turbat,PK,2022-03-11 23:49:56,26.0023,63.044,74.82,49,7,0.56
498,Rodrigues Alves,BR,2022-03-11 23:49:56,-7.738,-72.6509,80.8,95,42,2.66
499,Belmopan,BZ,2022-03-11 23:49:57,17.25,-88.7667,95.38,72,3,5.91
500,Dzhebariki-Khaya,RU,2022-03-11 23:49:57,62.2167,135.8,-6.7,98,94,4.18
501,Bull Savanna,JM,2022-03-11 23:50:57,17.8868,-77.5902,74.97,82,1,11.88
502,Colonia,DE,2022-03-11 23:48:53,50.9333,6.95,51.94,28,0,13.8
503,Sarankhola,BD,2022-03-11 23:50:57,22.3082,89.7897,69.71,32,71,4.29
504,Orangeburg,US,2022-03-11 23:50:58,33.4918,-80.8557,53.94,93,100,3.0
505,Lazaro Cardenas,MX,2022-03-11 23:50:58,17.9583,-102.2,79.07,59,88,11.74
506,Coahuayana,MX,2022-03-11 23:50:58,18.7333,-103.6833,78.33,56,15,5.88
507,Praia Da Vitoria,PT,2022-03-11 23:50:58,38.7333,-27.0667,59.76,82,75,15.3
508,Kayerkan,RU,2022-03-11 23:50:59,69.3497,87.7602,-24.83,98,99,6.73
509,Khani,GE,2022-03-11 23:48:45,41.9563,42.9566,27.97,98,100,2.86
510,Broken Hill,AU,2022-03-11 23:46:51,-31.95,141.4333,69.51,32,31,13.8
511,Carolina,PR,2022-03-11 23:50:59,18.3808,-65.9574,78.69,82,20,10.36
512,Andenes,NO,2022-03-11 23:50:59,69.3143,16.1194,39.18,93,100,9.22
513,Bosaso,SO,2022-03-11 23:51:00,11.2842,49.1816,74.98,73,80,4.74
514,Rovaniemi,FI,2022-03-11 23:51:00,66.5,25.7167,33.21,86,0,4.61
515,Esna,EG,2022-03-11 23:51:00,25.2934,32.554,53.62,39,49,11.36
516,Xichang,CN,2022-03-11 23:51:00,27.8964,102.2634,53.29,44,98,1.25
517,Dunedin,NZ,2022-03-11 23:51:00,-45.8742,170.5036,64.8,57,100,11.99
518,Northam,GB,2022-03-11 23:51:01,51.0333,-4.2167,47.39,94,96,12.55
519,Adrian,US,2022-03-11 23:47:36,41.8975,-84.0372,30.15,63,0,10.36
520,Coihaique,CL,2022-03-11 23:51:01,-45.5752,-72.0662,64.35,59,75,4.61
521,Cocoa Beach,US,2022-03-11 23:51:01,28.32,-80.6076,81.09,75,40,20.71
522,Okhotsk,RU,2022-03-11 23:51:01,59.3833,143.3,10.04,77,95,17.52
523,Saint-Francois,FR,2022-03-11 23:51:02,46.4154,3.9054,47.64,77,100,3.44
524,Hejnice,CZ,2022-03-11 23:51:02,50.8772,15.1817,33.71,47,0,3.0
525,Atkarsk,RU,2022-03-11 23:51:02,51.8718,45.0078,-0.83,98,38,7.0
526,Harrisburg,US,2022-03-11 23:50:00,40.2737,-76.8844,53.53,60,20,10.36
527,Dandong,CN,2022-03-11 23:51:03,40.1292,124.3947,43.9,30,97,2.44
528,Dhrangadhra,IN,2022-03-11 23:51:03,22.9833,71.4667,75.02,32,0,7.23
529,Poya,NC,2022-03-11 23:51:03,-21.35,165.15,86.74,62,13,5.28
530,Kitimat,CA,2022-03-11 23:50:04,54.0524,-128.6534,41.38,29,100,1.01
531,Pandan,PH,2022-03-11 23:51:03,14.0453,124.1694,79.74,87,90,5.53
532,Chiredzi,ZW,2022-03-11 23:51:04,-21.05,31.6667,72.99,66,77,6.73
533,Zhanakorgan,KZ,2022-03-11 23:51:04,43.9098,67.2495,51.62,69,100,3.6
534,Cotonou,BJ,2022-03-11 23:47:30,6.3654,2.4183,85.98,79,20,12.66
535,Novo Aripuana,BR,2022-03-11 23:51:04,-5.1206,-60.3797,75.07,90,93,3.04
536,Bologoye,RU,2022-03-11 23:51:04,57.8799,34.1068,27.64,97,100,5.3
537,Qasigiannguit,GL,2022-03-11 23:51:05,68.8193,-51.1922,-8.09,97,100,4.34
538,Svetlogorsk,BY,2022-03-11 23:51:05,52.6333,29.7333,26.78,62,90,5.99
539,Lagunas,PE,2022-03-11 23:51:05,-5.2269,-75.6753,75.52,93,64,2.3
540,Catuday,PH,2022-03-11 23:51:06,16.2923,119.8062,78.91,75,85,5.44
541,Sungaipenuh,ID,2022-03-11 23:49:56,-2.0833,101.3833,64.0,89,88,2.82
542,Acajutla,SV,2022-03-11 23:51:06,13.5928,-89.8275,81.64,68,33,8.03
543,Labuhan,ID,2022-03-11 23:48:22,-6.8844,112.2051,79.57,84,100,2.42
544,Brae,GB,2022-03-11 23:52:06,60.3964,-1.353,43.12,80,84,35.52
545,Pyapon,MM,2022-03-11 23:52:06,16.2833,95.6833,74.93,71,22,4.59
546,Curico,CL,2022-03-11 23:52:07,-34.9833,-71.2333,82.51,32,0,5.75
547,Barcelos,PT,2022-03-11 23:50:46,41.5388,-8.6151,48.34,86,7,3.38
548,Yemelyanovo,RU,2022-03-11 23:52:07,56.1681,92.6767,-14.93,83,0,2.24
549,Asau,RO,2022-03-11 23:52:07,46.4333,26.4,22.28,88,100,7.14
550,Nishihara,JP,2022-03-11 23:52:07,26.1842,127.7558,67.28,71,0,6.91
551,Madinat Sittah Uktubar,EG,2022-03-11 23:52:08,29.8167,31.05,51.4,56,95,6.58
552,Huarmey,PE,2022-03-11 23:52:08,-10.0681,-78.1522,74.12,78,93,7.49
553,Tautira,PF,2022-03-11 23:50:31,-17.7333,-149.15,81.01,66,23,8.77
